0,0,0,0,0
0.38565555610932,0.968129930791737,0.0183462389671791,-0.311714401418012,-0.283178409297456
0.38565555610932,0.968129930791737,0.127039050961411,-0.482900999862247,-0.283178409297456
0.38565555610932,-1.03182268939646,0.387901799747566,-0.1160725746246,-0.283178409297456
0.38565555610932,-1.03182268939646,0.0183462389671791,-0.311714401418012,-0.283178409297456
0.38565555610932,-1.03182268939646,-0.22077794742013,-0.599063334520836,-0.283178409297456
0.38565555610932,-1.03182268939646,-2.11203287611976,-1.28380972829778,-0.283178409297456
0.38565555610932,0.968129930791737,-0.112085135425899,-0.4278767360766,-0.283178409297456
0.38565555610932,0.968129930791737,0.0183462389671791,-0.204111396681635,-0.283178409297456
0.38565555610932,0.968129930791737,-0.199039385021284,-0.519583842386012,-0.283178409297456
0.38565555610932,0.968129930791737,-0.329470759414362,-0.629632369957306,-0.283178409297456
0.38565555610932,0.968129930791737,-0.155562260223591,-0.403421507727424,-0.283178409297456
0.38565555610932,0.968129930791737,0.953104422117571,0.605356661676107,-0.283178409297456
2.49167024512369,-1.03182268939646,1.6704769812795,5.35578476850364,-0.283178409297456
-0.667351788397867,0.968129930791737,-0.45990213380744,-0.641859984131894,-0.283178409297456
0.38565555610932,0.968129930791737,0.235731862955642,-0.232234909283188,-0.283178409297456
-0.667351788397867,0.968129930791737,-0.45990213380744,-0.730510186897659,-0.283178409297456
0.38565555610932,0.968129930791737,-0.199039385021284,-0.544039070735189,-0.283178409297456
0.38565555610932,0.968129930791737,0.60528742373603,0.122365901779871,-0.283178409297456
0.38565555610932,-1.03182268939646,0.409640362146413,0.0917968663434007,-0.283178409297456
1.43866290061651,0.968129930791737,1.08353579651065,0.923274630215402,-0.283178409297456
-0.667351788397867,0.968129930791737,-0.612072070599364,-0.733567090441306,-0.283178409297456
1.43866290061651,-1.03182268939646,1.19222860850488,1.1311440711834,-0.283178409297456
1.43866290061651,0.968129930791737,0.953104422117571,0.819339909731402,-0.283178409297456
0.38565555610932,-1.03182268939646,0.300947550152181,-0.164983031322953,-0.283178409297456
-0.667351788397867,0.968129930791737,-0.590333508200518,-0.733567090441306,-0.283178409297456
-0.667351788397867,-1.03182268939646,-0.394686446610901,-0.685268014451683,-0.283178409297456
1.43866290061651,0.968129930791737,1.14875148370719,2.06044274845211,-0.283178409297456
-0.667351788397867,0.968129930791737,-0.503379258605132,-0.764136125877777,-0.283178409297456
0.38565555610932,-1.03182268939646,-0.394686446610901,-0.641859984131894,-0.283178409297456
0.38565555610932,0.968129930791737,0.583548861337183,0.250755850613048,-0.283178409297456
0.38565555610932,-1.03182268939646,0.540071736539491,0.195731586827401,-0.283178409297456
0.38565555610932,-1.03182268939646,0.953104422117571,1.00886792943752,-0.283178409297456
0.38565555610932,0.968129930791737,-0.0468694482293598,-0.342283436854482,-0.283178409297456
0.38565555610932,-1.03182268939646,0.692241673331415,-0.0610483108389525,-0.283178409297456
0.38565555610932,0.968129930791737,0.713980235730261,0.959957472739167,-0.283178409297456
0.38565555610932,0.968129930791737,0.36616323734872,-0.275031558894247,-0.283178409297456
-0.667351788397867,0.968129930791737,-0.177300822622438,-0.440104350251188,-0.283178409297456
-0.667351788397867,-1.03182268939646,-0.307732197015516,-0.440104350251188,-0.283178409297456
-0.667351788397867,0.968129930791737,-0.894673381784366,-0.825274196750718,-0.283178409297456
0.38565555610932,0.968129930791737,0.7791959229268,0.244642043525754,-0.283178409297456
-0.667351788397867,-1.03182268939646,-2.11203287611976,-0.764136125877777,-0.283178409297456
-0.667351788397867,0.968129930791737,-0.764242007391288,-0.919426825895048,-0.283178409297456
0.38565555610932,0.968129930791737,0.844411610123339,0.324121535660578,-0.283178409297456
0.38565555610932,-1.03182268939646,-0.112085135425899,-0.617404755782718,-0.283178409297456
1.43866290061651,-1.03182268939646,1.80090835567258,5.03175299287706,-0.283178409297456
0.38565555610932,-1.03182268939646,0.0835619261637181,-0.299486787243423,-0.283178409297456
-0.667351788397867,-1.03182268939646,-0.416425009009747,-0.519583842386012,-0.283178409297456
0.38565555610932,0.968129930791737,0.518333174140644,-0.103844960450011,-0.283178409297456
1.43866290061651,0.968129930791737,1.17049004610603,0.923274630215402,-0.283178409297456
0.38565555610932,-1.03182268939646,0.540071736539491,0.311893921485989,-0.283178409297456
0.38565555610932,-1.03182268939646,-0.0468694482293598,-0.397307700640129,-0.283178409297456
-0.667351788397867,-1.03182268939646,-0.807719132188981,-0.537925263647894,-0.283178409297456
0.38565555610932,0.968129930791737,0.800934485325646,0.513649555366695,-0.283178409297456
0.38565555610932,0.968129930791737,0.127039050961411,-0.4278767360766,-0.283178409297456
0.38565555610932,-1.03182268939646,1.10527435890949,2.06044274845211,-0.283178409297456
0.38565555610932,-1.03182268939646,0.7791959229268,0.232414429351166,-0.283178409297456
-0.667351788397867,-1.03182268939646,-0.981627631379751,-1.28380972829778,-0.283178409297456
0.38565555610932,-1.03182268939646,0.7791959229268,0.232414429351166,-0.283178409297456
0.38565555610932,-1.03182268939646,0.105300488562564,-0.213893488021306,-0.283178409297456
0.38565555610932,-1.03182268939646,-0.0903465730270524,-0.378966279378247,-0.283178409297456
0.38565555610932,0.968129930791737,0.800934485325646,0.525877169541284,-0.283178409297456
0.38565555610932,-1.03182268939646,0.735718798129107,0.23852823643846,-0.283178409297456
1.43866290061651,0.968129930791737,0.974842984516417,0.336349149835166,-0.283178409297456
0.38565555610932,-1.03182268939646,0.0835619261637181,-0.268917751806953,-0.283178409297456
0.38565555610932,0.968129930791737,1.01832010931411,1.08223361448505,-0.283178409297456
-0.667351788397867,-1.03182268939646,-0.938150506582059,-0.81304658257613,-0.283178409297456
0.38565555610932,0.968129930791737,-0.112085135425899,-0.354511051029071,-0.283178409297456
0.38565555610932,-1.03182268939646,0.518333174140644,0.195731586827401,-0.283178409297456
0.38565555610932,0.968129930791737,0.7791959229268,0.501421941192107,-0.283178409297456
0.38565555610932,-1.03182268939646,0.148777613360257,-0.213893488021306,-0.283178409297456
-0.667351788397867,0.968129930791737,-0.87293481938552,-1.04537125189331,-0.283178409297456
1.43866290061651,-1.03182268939646,1.25744429570142,1.59579340981776,-0.283178409297456
-0.667351788397867,-1.03182268939646,-0.372947884212055,-0.623518562870012,-0.283178409297456
0.38565555610932,-1.03182268939646,0.0183462389671791,-0.238348716370482,-0.283178409297456
0.38565555610932,-1.03182268939646,0.7791959229268,0.403601027795401,-0.283178409297456
0.38565555610932,-1.03182268939646,1.04005867171296,1.88314234292058,-0.283178409297456
-0.667351788397867,0.968129930791737,-0.438163571408593,-0.654087598306483,-0.283178409297456
0.38565555610932,0.968129930791737,0.279208987753335,-0.281145365981541,-0.283178409297456
0.38565555610932,-1.03182268939646,0.735718798129107,0.262983464787636,-0.283178409297456
-0.667351788397867,0.968129930791737,-0.916411944183212,-1.02091602354413,-0.283178409297456
0.38565555610932,0.968129930791737,0.496594611741798,-0.0610483108389525,-0.283178409297456
0.38565555610932,0.968129930791737,0.583548861337183,0.116252094692577,-0.283178409297456
0.38565555610932,-1.03182268939646,0.387901799747566,-0.238348716370482,-0.283178409297456
-0.667351788397867,0.968129930791737,-0.916411944183212,-0.953664145583895,-0.283178409297456
-2.77336647741224,0.968129930791737,-2.11203287611976,-1.28380972829778,3.52759389867688
-2.77336647741224,0.968129930791737,-2.11203287611976,-1.28380972829778,3.52759389867688
-2.77336647741224,0.968129930791737,-2.11203287611976,-1.28380972829778,3.52759389867688
-2.77336647741224,0.968129930791737,-2.11203287611976,-1.28380972829778,3.52759389867688
-0.667351788397867,0.968129930791737,-1.35118319216014,-0.550152877822483,-0.283178409297456
-2.77336647741224,0.968129930791737,-2.11203287611976,-1.28380972829778,3.52759389867688
1.43866290061651,-1.03182268939646,1.40961423249334,1.41237919719893,-0.283178409297456
-0.667351788397867,-1.03182268939646,-0.351209321813208,-0.70911186209213,-0.283178409297456
-2.77336647741224,0.968129930791737,-2.11203287611976,-1.28380972829778,3.52759389867688
-0.667351788397867,-1.03182268939646,-0.807719132188981,-0.935322724322013,-0.283178409297456
-0.667351788397867,-1.03182268939646,-0.329470759414362,-0.507356228211424,-0.283178409297456
0.38565555610932,-1.03182268939646,0.931365859718724,0.745974224683872,-0.283178409297456
1.43866290061651,-1.03182268939646,1.58352273168411,3.5277564494027,-0.283178409297456
0.38565555610932,0.968129930791737,-0.177300822622438,-0.519583842386012,-0.283178409297456
0.38565555610932,-1.03182268939646,0.974842984516417,0.568673819152343,-0.283178409297456
0.38565555610932,-1.03182268939646,0.713980235730261,0.348576764009754,-0.283178409297456
1.43866290061651,0.968129930791737,0.387901799747566,-0.14664161006107,-0.283178409297456
-0.667351788397867,0.968129930791737,-2.11203287611976,-0.843615618012601,-0.283178409297456
0.38565555610932,-1.03182268939646,0.474856049342952,0.366918185271636,-0.283178409297456
-0.667351788397867,-1.03182268939646,-2.11203287611976,-0.666315212481071,-0.283178409297456
0.38565555610932,-1.03182268939646,0.996581546915263,1.30233066962764,-0.283178409297456
0.38565555610932,0.968129930791737,0.561810298938337,0.262983464787636,-0.283178409297456
0.38565555610932,0.968129930791737,-0.0251308858305135,-0.446218157338483,-0.283178409297456
0.38565555610932,-1.03182268939646,0.561810298938337,0.201845393914695,-0.283178409297456
-2.77336647741224,0.968129930791737,-2.11203287611976,-1.28380972829778,3.52759389867688
0.38565555610932,0.968129930791737,0.453117486944105,0.26909727187493,-0.283178409297456
0.38565555610932,-1.03182268939646,0.127039050961411,-0.342283436854482,-0.283178409297456
0.38565555610932,-1.03182268939646,0.561810298938337,0.128479708867166,-0.283178409297456
-0.667351788397867,-1.03182268939646,-2.11203287611976,-0.825274196750718,-0.283178409297456
-0.667351788397867,-1.03182268939646,-2.11203287611976,-0.715225669179424,-0.283178409297456
0.38565555610932,-1.03182268939646,0.235731862955642,-0.354511051029071,-0.283178409297456
0.38565555610932,-1.03182268939646,0.822673047724493,0.440283870319166,-0.283178409297456
0.38565555610932,0.968129930791737,-0.264255072217823,-0.513470035298718,-0.283178409297456
-0.667351788397867,-1.03182268939646,-2.11203287611976,-1.28380972829778,-0.283178409297456
0.38565555610932,-1.03182268939646,-0.0686080106282061,-0.470673385687659,-0.283178409297456
0.38565555610932,-1.03182268939646,1.32265998289796,2.13992224058693,-0.283178409297456
2.49167024512369,-1.03182268939646,1.71395410607719,2.39058833116599,-0.283178409297456
-0.667351788397867,-1.03182268939646,-0.655549195397057,-0.758022318790483,-0.283178409297456
0.38565555610932,0.968129930791737,0.344424674949874,-0.195552066759423,-0.283178409297456
0.38565555610932,-1.03182268939646,-0.177300822622438,-0.507356228211424,-0.283178409297456
-0.667351788397867,-1.03182268939646,-0.45990213380744,-0.70911186209213,-0.283178409297456
0.38565555610932,-1.03182268939646,0.887888734921032,0.733746610509284,-0.283178409297456
0.38565555610932,0.968129930791737,0.561810298938337,0.55033239789046,-0.283178409297456
0.38565555610932,-1.03182268939646,0.561810298938337,0.605356661676107,-0.283178409297456
-0.667351788397867,-1.03182268939646,-1.09032044337398,-1.06982648024248,-0.283178409297456
-0.667351788397867,-1.03182268939646,-0.699026320194749,-0.794705161314248,-0.283178409297456
0.38565555610932,0.968129930791737,0.279208987753335,-0.0671621179262467,-0.283178409297456
0.38565555610932,0.968129930791737,-0.155562260223591,-0.330055822679894,-0.283178409297456
0.38565555610932,-1.03182268939646,0.561810298938337,0.116252094692577,-0.283178409297456
0.38565555610932,-1.03182268939646,0.648764548533722,0.34246295692246,-0.283178409297456
0.38565555610932,-1.03182268939646,1.45309135729104,3.03865188241917,-0.283178409297456
0.38565555610932,0.968129930791737,0.474856049342952,0.336349149835166,-0.283178409297456
0.38565555610932,0.968129930791737,0.235731862955642,-0.330055822679894,-0.283178409297456
0.38565555610932,-1.03182268939646,0.7791959229268,0.440283870319166,-0.283178409297456
0.38565555610932,0.968129930791737,0.627025986134876,0.51976336245399,-0.283178409297456
-0.667351788397867,0.968129930791737,-2.11203287611976,-1.06371267315519,-0.283178409297456
0.38565555610932,0.968129930791737,0.279208987753335,-0.299486787243423,-0.283178409297456
0.38565555610932,-1.03182268939646,0.583548861337183,0.13459351595446,-0.283178409297456
0.38565555610932,0.968129930791737,0.713980235730261,0.0673416379942243,-0.283178409297456
0.38565555610932,-1.03182268939646,0.300947550152181,0.0184311812958712,-0.283178409297456
-0.667351788397867,0.968129930791737,-1.04684331857629,-1.00257460228225,-0.283178409297456
0.38565555610932,-1.03182268939646,0.170516175759103,-0.317828208505306,-0.283178409297456
0.38565555610932,0.968129930791737,-0.177300822622438,-0.562380491997071,-0.283178409297456
0.38565555610932,0.968129930791737,-2.11203287611976,-1.28380972829778,-0.283178409297456
0.38565555610932,0.968129930791737,0.670503110932569,0.868250366429755,-0.283178409297456
-0.667351788397867,-1.03182268939646,-0.0686080106282061,-0.660201405393777,-0.283178409297456
0.38565555610932,-1.03182268939646,0.692241673331415,0.354690571097048,-0.283178409297456
-2.77336647741224,0.968129930791737,-2.11203287611976,-1.28380972829778,3.52759389867688
0.38565555610932,-1.03182268939646,-2.11203287611976,-1.28380972829778,-0.283178409297456
0.38565555610932,-1.03182268939646,0.431378924545259,0.0428864096450476,-0.283178409297456
-2.77336647741224,0.968129930791737,-2.11203287611976,-1.28380972829778,3.52759389867688
0.38565555610932,-1.03182268939646,0.692241673331415,0.220186815176577,-0.283178409297456
0.38565555610932,-1.03182268939646,0.36616323734872,-0.0793897321008349,-0.283178409297456
-0.667351788397867,-1.03182268939646,-2.11203287611976,-0.794705161314248,-0.283178409297456
0.38565555610932,-1.03182268939646,0.670503110932569,0.250755850613048,-0.283178409297456
0.38565555610932,-1.03182268939646,1.3443985452968,1.05166457904858,-0.283178409297456
0.38565555610932,0.968129930791737,0.518333174140644,-0.00602404705330541,-0.283178409297456
0.38565555610932,-1.03182268939646,1.0617972341118,0.843795138080578,-0.283178409297456
-2.77336647741224,0.968129930791737,-2.11203287611976,-1.28380972829778,3.52759389867688
0.38565555610932,0.968129930791737,0.409640362146413,-0.0243654683151876,-0.283178409297456
0.38565555610932,-1.03182268939646,0.713980235730261,0.293552500224107,-0.283178409297456
0.38565555610932,-1.03182268939646,0.627025986134876,-0.0243654683151876,-0.283178409297456
1.43866290061651,-1.03182268939646,1.27918285810027,1.98707706340458,-0.283178409297456
0.38565555610932,0.968129930791737,1.14875148370719,1.61413483107964,-0.283178409297456
-2.77336647741224,0.968129930791737,-2.11203287611976,-1.28380972829778,3.52759389867688
0.38565555610932,0.968129930791737,1.17049004610603,1.29621686254034,-0.283178409297456
0.38565555610932,-1.03182268939646,0.561810298938337,0.104024480517989,-0.283178409297456
-0.667351788397867,0.968129930791737,-2.11203287611976,-1.28380972829778,-0.283178409297456
1.43866290061651,-1.03182268939646,1.21396717090373,0.752088031771166,-0.283178409297456
0.38565555610932,0.968129930791737,0.36616323734872,0.293552500224107,-0.283178409297456
0.38565555610932,0.968129930791737,-0.133823697824745,-0.629632369957306,-0.283178409297456
0.38565555610932,-1.03182268939646,0.735718798129107,0.703177575072813,-0.283178409297456
0.38565555610932,-1.03182268939646,-2.11203287611976,-1.28380972829778,-0.283178409297456
-0.667351788397867,-1.03182268939646,-0.720764882593596,-0.880298460536366,-0.283178409297456
-0.667351788397867,-1.03182268939646,-0.785980569790135,-1.02091602354413,-0.283178409297456
0.38565555610932,0.968129930791737,0.648764548533722,0.214073008089283,-0.283178409297456
0.38565555610932,-1.03182268939646,0.0400848013660254,-0.415649121902012,-0.283178409297456
1.43866290061651,-1.03182268939646,1.30092142049911,2.96528619737164,-0.283178409297456
0.38565555610932,-1.03182268939646,-0.00339232343166719,-0.330055822679894,-0.283178409297456
0.38565555610932,-1.03182268939646,1.43135279489219,3.64391878406129,-0.283178409297456
-0.667351788397867,0.968129930791737,-0.63381063299821,-0.819160389663424,-0.283178409297456
-0.667351788397867,0.968129930791737,-0.590333508200518,-0.733567090441306,-0.283178409297456
-0.667351788397867,-1.03182268939646,-2.11203287611976,-1.28380972829778,-0.283178409297456
0.38565555610932,0.968129930791737,0.36616323734872,-0.201665873846717,-0.283178409297456
0.38565555610932,0.968129930791737,0.822673047724493,1.07000600031046,-0.283178409297456
-0.667351788397867,0.968129930791737,-0.525117821003979,-0.782477547139659,-0.283178409297456
0.38565555610932,-1.03182268939646,-0.264255072217823,-0.544039070735189,-0.283178409297456
0.38565555610932,0.968129930791737,0.953104422117571,1.47963107515917,-0.283178409297456
1.43866290061651,-1.03182268939646,1.64873841888065,1.57745198855587,-0.283178409297456
0.38565555610932,-1.03182268939646,1.10527435890949,1.43072061846081,-0.283178409297456
0.38565555610932,-1.03182268939646,1.04005867171296,0.44639767740646,-0.283178409297456
2.49167024512369,0.968129930791737,-2.11203287611976,-1.28380972829778,-0.283178409297456
-0.667351788397867,0.968129930791737,-2.11203287611976,-0.684656633742953,-0.283178409297456
-0.667351788397867,-1.03182268939646,-0.612072070599364,-0.782477547139659,-0.283178409297456
0.38565555610932,0.968129930791737,0.496594611741798,0.207959201001989,-0.283178409297456
-0.667351788397867,-1.03182268939646,-0.568594945801671,-0.727453283354012,-0.283178409297456
-0.667351788397867,-1.03182268939646,-0.394686446610901,-0.507356228211424,-0.283178409297456
0.38565555610932,-1.03182268939646,1.12701292130834,0.923274630215402,-0.283178409297456
-0.667351788397867,0.968129930791737,-0.764242007391288,-0.843615618012601,-0.283178409297456
0.38565555610932,-1.03182268939646,0.627025986134876,0.593129047501519,-0.283178409297456
1.43866290061651,-1.03182268939646,1.14875148370719,1.22896498458011,-0.283178409297456
0.38565555610932,-1.03182268939646,-0.155562260223591,-0.574608106171659,-0.283178409297456
-0.667351788397867,0.968129930791737,-0.481640696206286,-0.660201405393777,-0.283178409297456
0.38565555610932,-1.03182268939646,0.692241673331415,0.232414429351166,-0.283178409297456
1.43866290061651,0.968129930791737,1.32265998289796,1.84034569330952,-0.283178409297456
0.38565555610932,0.968129930791737,0.974842984516417,1.10057503574693,-0.283178409297456
-0.667351788397867,0.968129930791737,-0.87293481938552,-0.99034698810766,-0.283178409297456
0.38565555610932,-1.03182268939646,-0.242516509818977,-0.678542826655659,-0.283178409297456
0.38565555610932,0.968129930791737,-0.45990213380744,-0.647973791219189,-0.283178409297456
-2.77336647741224,0.968129930791737,-2.11203287611976,-1.28380972829778,3.52759389867688
0.38565555610932,0.968129930791737,0.735718798129107,0.843795138080578,-0.283178409297456
0.38565555610932,-1.03182268939646,0.257470425354489,-0.1160725746246,-0.283178409297456
0.38565555610932,0.968129930791737,0.518333174140644,0.458625291581048,-0.283178409297456
0.38565555610932,-1.03182268939646,0.800934485325646,1.15559929953258,-0.283178409297456
1.43866290061651,-1.03182268939646,0.996581546915263,1.18616833496905,-0.283178409297456
0.38565555610932,0.968129930791737,0.387901799747566,-0.164983031322953,-0.283178409297456
1.43866290061651,-1.03182268939646,1.40961423249334,1.61413483107964,-0.283178409297456
0.38565555610932,-1.03182268939646,0.387901799747566,0.110138287605283,-0.283178409297456
-0.667351788397867,-1.03182268939646,-2.11203287611976,-0.831388003838012,-0.283178409297456
2.49167024512369,-1.03182268939646,1.47482991968988,2.12158081932505,-0.283178409297456
-0.667351788397867,0.968129930791737,-0.307732197015516,-0.60517714160813,-0.283178409297456
0.38565555610932,0.968129930791737,1.0617972341118,1.78532142952387,-0.283178409297456
-0.667351788397867,0.968129930791737,-0.438163571408593,-0.641859984131894,-0.283178409297456
0.38565555610932,-1.03182268939646,0.213993300556796,-0.171096838410247,-0.283178409297456
-0.667351788397867,-1.03182268939646,-0.438163571408593,-0.660201405393777,-0.283178409297456
0.38565555610932,0.968129930791737,0.36616323734872,0.330235342747872,-0.283178409297456
-0.667351788397867,0.968129930791737,-2.11203287611976,-0.690770440830248,-0.283178409297456
0.38565555610932,0.968129930791737,0.474856049342952,0.0612278309069301,-0.283178409297456
0.38565555610932,-1.03182268939646,0.931365859718724,0.776543260120343,-0.283178409297456
0.38565555610932,-1.03182268939646,0.344424674949874,-0.0243654683151876,-0.283178409297456
0.38565555610932,0.968129930791737,0.36616323734872,-0.0671621179262467,-0.283178409297456
0.38565555610932,0.968129930791737,0.822673047724493,0.764315645945755,-0.283178409297456
-0.667351788397867,0.968129930791737,-0.45990213380744,-0.727453283354012,-0.283178409297456
0.38565555610932,0.968129930791737,0.583548861337183,0.538104783715872,-0.283178409297456
2.49167024512369,-1.03182268939646,1.51830704448757,5.01952537870247,-0.283178409297456
0.38565555610932,-1.03182268939646,-0.112085135425899,-0.372852472290953,-0.283178409297456
0.38565555610932,-1.03182268939646,1.01832010931411,1.45517584680999,-0.283178409297456
0.38565555610932,0.968129930791737,-2.11203287611976,-1.02702983063142,-0.283178409297456
1.43866290061651,-1.03182268939646,1.10527435890949,0.868250366429755,-0.283178409297456
0.38565555610932,-1.03182268939646,0.648764548533722,0.904933208953519,-0.283178409297456
0.38565555610932,-1.03182268939646,-2.11203287611976,0.440283870319166,-0.283178409297456
-2.77336647741224,0.968129930791737,-2.11203287611976,-1.28380972829778,3.52759389867688
0.38565555610932,-1.03182268939646,0.0400848013660254,-0.452331964425777,-0.283178409297456
-0.667351788397867,0.968129930791737,-2.11203287611976,-1.28380972829778,-0.283178409297456
0.38565555610932,0.968129930791737,0.800934485325646,0.868250366429755,-0.283178409297456
-0.667351788397867,-1.03182268939646,-0.416425009009747,-0.580721913258953,-0.283178409297456
-2.77336647741224,0.968129930791737,-2.11203287611976,-1.28380972829778,3.52759389867688
-2.77336647741224,0.968129930791737,-2.11203287611976,-1.28380972829778,3.52759389867688
-2.77336647741224,0.968129930791737,-2.11203287611976,-1.28380972829778,3.52759389867688
-2.77336647741224,0.968129930791737,-2.11203287611976,-1.28380972829778,3.52759389867688
-2.77336647741224,0.968129930791737,-2.11203287611976,-1.28380972829778,3.52759389867688
-0.667351788397867,0.968129930791737,-0.764242007391288,-0.843615618012601,-0.283178409297456
-0.667351788397867,0.968129930791737,-0.785980569790135,-0.849729425099895,-0.283178409297456
0.38565555610932,0.968129930791737,0.909627297319878,0.256869657700342,-0.283178409297456
1.43866290061651,-1.03182268939646,-2.11203287611976,-1.28380972829778,-0.283178409297456
0.38565555610932,0.968129930791737,0.0835619261637181,-0.2200072951086,-0.283178409297456
0.38565555610932,0.968129930791737,0.518333174140644,0.354690571097048,-0.283178409297456
0.38565555610932,-1.03182268939646,-0.0903465730270524,-0.342283436854482,-0.283178409297456
-0.667351788397867,-1.03182268939646,-0.938150506582059,-1.28380972829778,-0.283178409297456
-2.77336647741224,0.968129930791737,-2.11203287611976,-1.28380972829778,3.52759389867688
0.38565555610932,0.968129930791737,0.844411610123339,-0.140527802973776,-0.283178409297456
0.38565555610932,0.968129930791737,1.14875148370719,1.7547523940874,-0.283178409297456
-0.667351788397867,0.968129930791737,-0.677287757795903,-0.782477547139659,-0.283178409297456
0.38565555610932,0.968129930791737,0.0183462389671791,-0.342283436854482,-0.283178409297456
0.38565555610932,-1.03182268939646,0.648764548533722,0.93550224438999,-0.283178409297456
0.38565555610932,0.968129930791737,0.148777613360257,-0.360624858116365,-0.283178409297456
0.38565555610932,0.968129930791737,1.08353579651065,1.49797249642105,-0.283178409297456
-0.667351788397867,0.968129930791737,-0.677287757795903,-0.788591354226954,-0.283178409297456
0.38565555610932,-1.03182268939646,0.757457360527954,0.953843665651873,-0.283178409297456
-0.667351788397867,0.968129930791737,-0.807719132188981,-0.831388003838012,-0.283178409297456
-2.77336647741224,0.968129930791737,-2.11203287611976,-1.28380972829778,3.52759389867688
0.38565555610932,0.968129930791737,-0.416425009009747,-0.507356228211424,-0.283178409297456
-2.77336647741224,0.968129930791737,-2.11203287611976,-1.28380972829778,3.52759389867688
-2.77336647741224,0.968129930791737,-2.11203287611976,-1.28380972829778,3.52759389867688
0.38565555610932,-1.03182268939646,0.800934485325646,0.458625291581048,-0.283178409297456
-0.667351788397867,0.968129930791737,-1.0033661937786,-1.00257460228225,-0.283178409297456
0.38565555610932,-1.03182268939646,-0.177300822622438,-0.470673385687659,-0.283178409297456
0.38565555610932,-1.03182268939646,0.627025986134876,-0.360624858116365,-0.283178409297456
0.38565555610932,-1.03182268939646,1.17049004610603,1.40626539011164,-0.283178409297456
0.38565555610932,0.968129930791737,0.866150172522185,0.678722346723637,-0.283178409297456
-2.77336647741224,0.968129930791737,-2.11203287611976,-1.28380972829778,3.52759389867688
0.38565555610932,0.968129930791737,1.19222860850488,1.22285117749281,-0.283178409297456
0.38565555610932,0.968129930791737,0.996581546915263,1.48574488224646,-0.283178409297456
0.38565555610932,-1.03182268939646,0.648764548533722,0.275211078962225,-0.283178409297456
-2.77336647741224,0.968129930791737,-2.11203287611976,-1.28380972829778,3.52759389867688
0.38565555610932,0.968129930791737,-0.242516509818977,-0.574608106171659,-0.283178409297456
0.38565555610932,0.968129930791737,-0.199039385021284,-0.482900999862247,-0.283178409297456
0.38565555610932,0.968129930791737,0.322686112551028,-0.0243654683151876,-0.283178409297456
0.38565555610932,0.968129930791737,0.127039050961411,-0.226121102195894,-0.283178409297456
0.38565555610932,0.968129930791737,0.757457360527954,0.75820183885846,-0.283178409297456
0.38565555610932,0.968129930791737,0.670503110932569,0.813226102644108,-0.283178409297456
0.38565555610932,0.968129930791737,0.387901799747566,-0.103844960450011,-0.283178409297456
0.38565555610932,-1.03182268939646,0.583548861337183,0.904933208953519,-0.283178409297456
0.38565555610932,0.968129930791737,0.19225473815795,-0.2200072951086,-0.283178409297456
-2.77336647741224,0.968129930791737,-2.11203287611976,-1.28380972829778,3.52759389867688
-0.667351788397867,0.968129930791737,-0.742503444992442,-0.898639881798248,-0.283178409297456
0.38565555610932,-1.03182268939646,0.561810298938337,-0.0304792754024818,-0.283178409297456
-0.667351788397867,-1.03182268939646,-0.807719132188981,-0.88641226762366,-0.283178409297456
0.38565555610932,0.968129930791737,0.0618233637648718,-0.244462523457776,-0.283178409297456
0.38565555610932,0.968129930791737,0.170516175759103,0.0856830592561065,-0.283178409297456
-0.667351788397867,0.968129930791737,-0.894673381784366,-0.965891759758483,-0.283178409297456
-0.667351788397867,0.968129930791737,-0.372947884212055,-0.727453283354012,-0.283178409297456
-2.77336647741224,0.968129930791737,-2.11203287611976,-1.28380972829778,3.52759389867688
-1.72035913290505,-1.03182268939646,-1.09032044337398,-1.12485074402813,-0.283178409297456
0.38565555610932,-1.03182268939646,0.627025986134876,0.770429453033049,-0.283178409297456
0.38565555610932,-1.03182268939646,-0.0686080106282061,-0.3239420155926,-0.283178409297456
0.38565555610932,0.968129930791737,0.561810298938337,0.293552500224107,-0.283178409297456
0.38565555610932,-1.03182268939646,-0.112085135425899,-0.513470035298718,-0.283178409297456
-0.667351788397867,-1.03182268939646,-0.0903465730270524,-0.3239420155926,-0.283178409297456
0.38565555610932,-1.03182268939646,0.583548861337183,0.159048744303636,-0.283178409297456
-0.667351788397867,0.968129930791737,-0.503379258605132,-0.6357461770446,-0.283178409297456
0.38565555610932,0.968129930791737,0.431378924545259,0.183503972652813,-0.283178409297456
0.38565555610932,-1.03182268939646,0.60528742373603,0.26909727187493,-0.283178409297456
-0.667351788397867,-1.03182268939646,-0.590333508200518,-0.727453283354012,-0.283178409297456
0.38565555610932,-1.03182268939646,0.561810298938337,0.709291382160108,-0.283178409297456
0.38565555610932,0.968129930791737,0.0400848013660254,-0.207779680934011,-0.283178409297456
0.38565555610932,0.968129930791737,-0.00339232343166719,-0.177210645497541,-0.283178409297456
0.38565555610932,-1.03182268939646,0.735718798129107,0.336349149835166,-0.283178409297456
0.38565555610932,0.968129930791737,1.47482991968988,1.56522437438129,-0.283178409297456
1.43866290061651,0.968129930791737,1.43135279489219,1.51631391768293,-0.283178409297456
-0.667351788397867,-1.03182268939646,-0.590333508200518,-0.70911186209213,-0.283178409297456
0.38565555610932,0.968129930791737,-0.199039385021284,-0.507356228211424,-0.283178409297456
0.38565555610932,-1.03182268939646,1.47482991968988,5.49028852442412,-0.283178409297456
-2.77336647741224,0.968129930791737,-2.11203287611976,-1.28380972829778,3.52759389867688
0.38565555610932,-1.03182268939646,0.148777613360257,0.122365901779871,-0.283178409297456
0.38565555610932,0.968129930791737,0.518333174140644,0.0245449883831652,-0.283178409297456
-0.667351788397867,-1.03182268939646,-0.199039385021284,-0.489014806949541,-0.283178409297456
1.43866290061651,-1.03182268939646,1.49656848208873,2.54954731543564,-0.283178409297456
0.38565555610932,-1.03182268939646,-0.112085135425899,-0.268917751806953,-0.283178409297456
0.38565555610932,0.968129930791737,-0.0903465730270524,-0.489014806949541,-0.283178409297456
0.38565555610932,0.968129930791737,0.822673047724493,1.06389219322317,-0.283178409297456
0.38565555610932,-1.03182268939646,0.974842984516417,0.929388437302696,-0.283178409297456
0.38565555610932,-1.03182268939646,0.583548861337183,1.43072061846081,-0.283178409297456
1.43866290061651,-1.03182268939646,1.25744429570142,1.16171310661987,-0.283178409297456
0.38565555610932,-1.03182268939646,0.7791959229268,0.140707323041754,-0.283178409297456
0.38565555610932,0.968129930791737,0.822673047724493,0.813226102644108,-0.283178409297456
1.43866290061651,0.968129930791737,1.23570573330257,1.41849300428623,-0.283178409297456
1.43866290061651,0.968129930791737,1.25744429570142,1.46740346098458,-0.283178409297456
0.38565555610932,-1.03182268939646,0.257470425354489,0.116252094692577,-0.283178409297456
0.38565555610932,0.968129930791737,0.540071736539491,0.220186815176577,-0.283178409297456
0.38565555610932,-1.03182268939646,0.105300488562564,-0.0671621179262467,-0.283178409297456
-2.77336647741224,0.968129930791737,-2.11203287611976,-1.28380972829778,3.52759389867688
0.38565555610932,0.968129930791737,0.409640362146413,-0.213893488021306,-0.283178409297456
0.38565555610932,-1.03182268939646,0.757457360527954,0.415828641969989,-0.283178409297456
0.38565555610932,-1.03182268939646,0.561810298938337,0.0856830592561065,-0.283178409297456
-0.667351788397867,-1.03182268939646,-0.829457694587827,-0.849729425099895,-0.283178409297456
0.38565555610932,-1.03182268939646,0.583548861337183,0.0184311812958712,-0.283178409297456
-2.77336647741224,0.968129930791737,-2.11203287611976,-1.28380972829778,3.52759389867688
1.43866290061651,-1.03182268939646,1.23570573330257,1.48574488224646,-0.283178409297456
0.38565555610932,0.968129930791737,0.974842984516417,0.697063767985519,-0.283178409297456
0.38565555610932,0.968129930791737,-0.22077794742013,-0.519583842386012,-0.283178409297456
0.38565555610932,0.968129930791737,0.127039050961411,-0.1160725746246,-0.283178409297456
-2.77336647741224,0.968129930791737,-2.11203287611976,-1.28380972829778,3.52759389867688
0.38565555610932,-1.03182268939646,0.844411610123339,0.605356661676107,-0.283178409297456
-2.77336647741224,-1.03182268939646,1.43135279489219,3.17926944542693,-0.283178409297456
0.38565555610932,-1.03182268939646,-2.11203287611976,-1.28380972829778,-0.283178409297456
0.38565555610932,-1.03182268939646,0.127039050961411,-0.140527802973776,-0.283178409297456
-2.77336647741224,0.968129930791737,-2.11203287611976,-1.28380972829778,3.52759389867688
0.38565555610932,-1.03182268939646,1.3878756700945,2.46395401621352,-0.283178409297456
-0.667351788397867,0.968129930791737,-2.11203287611976,-1.28380972829778,-0.283178409297456
0.38565555610932,0.968129930791737,0.7791959229268,0.83156752390599,-0.283178409297456
0.38565555610932,0.968129930791737,0.844411610123339,0.690949960898225,-0.283178409297456
0.38565555610932,-1.03182268939646,0.0400848013660254,-0.336169629767188,-0.283178409297456
0.38565555610932,0.968129930791737,0.257470425354489,-0.122186381711894,-0.283178409297456
0.38565555610932,-1.03182268939646,0.518333174140644,0.0428864096450476,-0.283178409297456
0.38565555610932,0.968129930791737,-2.11203287611976,0.195731586827401,-0.283178409297456
-0.667351788397867,-1.03182268939646,-0.568594945801671,-0.690770440830248,-0.283178409297456
0.38565555610932,-1.03182268939646,0.735718798129107,0.232414429351166,-0.283178409297456
0.38565555610932,0.968129930791737,0.409640362146413,-0.1160725746246,-0.283178409297456
0.38565555610932,-1.03182268939646,0.909627297319878,0.318007728573283,-0.283178409297456
0.38565555610932,0.968129930791737,1.12701292130834,0.776543260120343,-0.283178409297456
0.38565555610932,0.968129930791737,0.713980235730261,0.116252094692577,-0.283178409297456
0.38565555610932,0.968129930791737,0.627025986134876,0.379145799446225,-0.283178409297456
0.38565555610932,-1.03182268939646,0.583548861337183,0.293552500224107,-0.283178409297456
0.38565555610932,-1.03182268939646,0.909627297319878,0.953843665651873,-0.283178409297456
0.38565555610932,0.968129930791737,0.127039050961411,-0.0488206966643643,-0.283178409297456
0.38565555610932,0.968129930791737,0.692241673331415,0.409714834882695,-0.283178409297456
-2.77336647741224,0.968129930791737,-2.11203287611976,-1.28380972829778,3.52759389867688
-0.667351788397867,-1.03182268939646,-0.503379258605132,-0.702998055004836,-0.283178409297456
0.38565555610932,-1.03182268939646,0.518333174140644,-0.0182516612278936,-0.283178409297456
0.38565555610932,0.968129930791737,0.344424674949874,0.012317374208577,-0.283178409297456
0.38565555610932,0.968129930791737,-0.0251308858305135,-0.476787192774953,-0.283178409297456
0.38565555610932,-1.03182268939646,0.387901799747566,-0.0732759250135407,-0.283178409297456
1.43866290061651,-1.03182268939646,1.14875148370719,1.07000600031046,-0.283178409297456
0.38565555610932,-1.03182268939646,1.3878756700945,2.43949878786435,-0.283178409297456
0.38565555610932,-1.03182268939646,0.844411610123339,0.629811890025284,-0.283178409297456
-2.77336647741224,0.968129930791737,-2.11203287611976,-1.28380972829778,3.52759389867688
0.38565555610932,0.968129930791737,0.431378924545259,-0.109958767537306,-0.283178409297456
-0.667351788397867,-1.03182268939646,-0.394686446610901,-0.666315212481071,-0.283178409297456
0.38565555610932,0.968129930791737,0.300947550152181,-0.152755417148364,-0.283178409297456
0.38565555610932,-1.03182268939646,0.670503110932569,0.189617779740107,-0.283178409297456
-0.667351788397867,0.968129930791737,-0.655549195397057,-0.935322724322013,-0.283178409297456
-2.77336647741224,0.968129930791737,-2.11203287611976,-1.28380972829778,3.52759389867688
0.38565555610932,0.968129930791737,-0.242516509818977,-0.440104350251188,-0.283178409297456
0.38565555610932,0.968129930791737,0.974842984516417,0.83156752390599,-0.283178409297456
-0.667351788397867,-1.03182268939646,1.21396717090373,1.98096325631729,-0.283178409297456
0.38565555610932,-1.03182268939646,0.974842984516417,1.16171310661987,-0.283178409297456
0.38565555610932,-1.03182268939646,0.844411610123339,1.52854153185752,-0.283178409297456
0.38565555610932,-1.03182268939646,0.300947550152181,0.183503972652813,-0.283178409297456
0.38565555610932,-1.03182268939646,0.453117486944105,0.770429453033049,-0.283178409297456
-2.77336647741224,0.968129930791737,-2.11203287611976,-1.28380972829778,3.52759389867688
1.43866290061651,-1.03182268939646,1.21396717090373,0.990526508175637,-0.283178409297456
0.38565555610932,0.968129930791737,0.300947550152181,-0.04270688957707,-0.283178409297456
0.38565555610932,-1.03182268939646,0.974842984516417,1.30844447671493,-0.283178409297456
0.38565555610932,-1.03182268939646,0.127039050961411,-0.134413995886482,-0.283178409297456
-2.77336647741224,-1.03182268939646,0.7791959229268,0.868250366429755,-0.283178409297456
0.38565555610932,-1.03182268939646,0.648764548533722,0.428056256144578,-0.283178409297456
0.38565555610932,0.968129930791737,0.670503110932569,0.0795692521688125,-0.283178409297456
0.38565555610932,-1.03182268939646,1.17049004610603,1.69972813030176,-0.283178409297456
0.38565555610932,0.968129930791737,0.0835619261637181,-0.385080086465541,-0.283178409297456
-0.667351788397867,-1.03182268939646,-0.351209321813208,-0.565743085895083,-0.283178409297456
-0.667351788397867,-1.03182268939646,-0.590333508200518,-0.767193029421424,-0.283178409297456
-0.667351788397867,-1.03182268939646,-0.546856383402825,-0.745794704615895,-0.283178409297456
0.38565555610932,0.968129930791737,-0.0686080106282061,-0.287259173068835,-0.283178409297456
0.38565555610932,-1.03182268939646,0.627025986134876,0.226300622263871,-0.283178409297456
-0.667351788397867,0.968129930791737,-0.503379258605132,-0.666315212481071,-0.283178409297456
-0.667351788397867,0.968129930791737,-0.503379258605132,-0.806932775488836,-0.283178409297456
0.38565555610932,0.968129930791737,0.931365859718724,1.27176163419117,-0.283178409297456
-0.667351788397867,-1.03182268939646,-0.546856383402825,-0.776363740052365,-0.283178409297456
0.38565555610932,-1.03182268939646,0.518333174140644,0.311893921485989,-0.283178409297456
0.38565555610932,0.968129930791737,0.322686112551028,0.012317374208577,-0.283178409297456
-0.667351788397867,0.968129930791737,-0.720764882593596,-0.641859984131894,-0.283178409297456
0.38565555610932,-1.03182268939646,0.170516175759103,-0.177210645497541,-0.283178409297456
0.38565555610932,0.968129930791737,0.148777613360257,-0.036593082489776,-0.283178409297456
0.38565555610932,0.968129930791737,0.105300488562564,-0.250576330545071,-0.283178409297456
0.38565555610932,-1.03182268939646,-2.11203287611976,-1.28380972829778,-0.283178409297456
1.43866290061651,-1.03182268939646,1.47482991968988,1.6508176736034,-0.283178409297456
2.49167024512369,0.968129930791737,0.474856049342952,-0.0855035391881289,-0.283178409297456
0.38565555610932,0.968129930791737,0.735718798129107,0.391373413620813,-0.283178409297456
0.38565555610932,0.968129930791737,-0.0468694482293598,-0.452331964425777,-0.283178409297456
0.38565555610932,-1.03182268939646,-0.22077794742013,-0.623518562870012,-0.283178409297456
0.38565555610932,0.968129930791737,0.387901799747566,-0.0671621179262467,-0.283178409297456
-0.667351788397867,-1.03182268939646,-0.568594945801671,-0.736623993984953,-0.283178409297456
0.38565555610932,0.968129930791737,0.670503110932569,0.941616051477284,-0.283178409297456
0.38565555610932,-1.03182268939646,0.735718798129107,0.16516255139093,-0.283178409297456
-0.667351788397867,0.968129930791737,-0.63381063299821,-0.819466080017789,-0.283178409297456
0.38565555610932,0.968129930791737,0.60528742373603,0.666494732549049,-0.283178409297456
0.38565555610932,0.968129930791737,0.322686112551028,-0.287259173068835,-0.283178409297456
0.38565555610932,-1.03182268939646,0.561810298938337,0.281324886049519,-0.283178409297456
0.38565555610932,0.968129930791737,0.844411610123339,-0.152755417148364,-0.283178409297456
-0.667351788397867,0.968129930791737,-0.655549195397057,-0.705443577839753,-0.283178409297456
0.38565555610932,-1.03182268939646,-0.372947884212055,-0.648585171927918,-0.283178409297456
0.38565555610932,0.968129930791737,-0.0468694482293598,-0.568494299084365,-0.283178409297456
-0.667351788397867,0.968129930791737,-0.612072070599364,-0.813657963284859,-0.283178409297456
1.43866290061651,-1.03182268939646,1.23570573330257,0.898819401866226,-0.283178409297456
0.38565555610932,-1.03182268939646,-0.394686446610901,-0.702998055004836,-0.283178409297456
0.38565555610932,-1.03182268939646,0.7791959229268,0.324121535660578,-0.283178409297456
-0.667351788397867,-1.03182268939646,-0.612072070599364,-0.695906038783575,-0.283178409297456
0.38565555610932,-1.03182268939646,0.844411610123339,0.311893921485989,-0.283178409297456
0.38565555610932,-1.03182268939646,0.431378924545259,0.0673416379942243,-0.283178409297456
1.43866290061651,0.968129930791737,1.08353579651065,2.0726703626267,-0.283178409297456
0.38565555610932,0.968129930791737,0.844411610123339,1.11280264992152,-0.283178409297456
-0.667351788397867,0.968129930791737,-0.351209321813208,-0.463642507537271,-0.283178409297456
-0.667351788397867,-1.03182268939646,-0.351209321813208,-0.628103918185483,-0.283178409297456
-0.667351788397867,0.968129930791737,-0.264255072217823,-0.641859984131894,-0.283178409297456
0.38565555610932,-1.03182268939646,-0.0903465730270524,-0.109958767537306,-0.283178409297456
0.38565555610932,0.968129930791737,0.387901799747566,-0.0855035391881289,-0.283178409297456
0.38565555610932,-1.03182268939646,0.148777613360257,-0.238348716370482,-0.283178409297456
0.38565555610932,0.968129930791737,0.453117486944105,-0.244462523457776,-0.283178409297456
0.38565555610932,0.968129930791737,0.453117486944105,0.00620356712128301,-0.283178409297456
1.43866290061651,0.968129930791737,1.21396717090373,2.14603604767423,-0.283178409297456
0.38565555610932,0.968129930791737,0.322686112551028,0.152934937216342,-0.283178409297456
0.38565555610932,0.968129930791737,0.713980235730261,0.972185086913755,-0.283178409297456
-0.667351788397867,0.968129930791737,-0.329470759414362,-0.611290948695424,-0.283178409297456
0.38565555610932,0.968129930791737,0.7791959229268,0.23852823643846,-0.283178409297456
1.43866290061651,-1.03182268939646,1.10527435890949,0.904933208953519,-0.283178409297456
0.38565555610932,0.968129930791737,1.21396717090373,1.7608662011747,-0.283178409297456
0.38565555610932,-1.03182268939646,-0.177300822622438,-0.574608106171659,-0.283178409297456
0.38565555610932,0.968129930791737,1.21396717090373,1.00886792943752,-0.283178409297456
0.38565555610932,-1.03182268939646,0.7791959229268,0.330235342747872,-0.283178409297456
0.38565555610932,-1.03182268939646,0.0183462389671791,-0.470673385687659,-0.283178409297456
0.38565555610932,-1.03182268939646,0.36616323734872,1.5468829531194,-0.283178409297456
0.38565555610932,-1.03182268939646,1.21396717090373,3.60112213445023,-0.283178409297456
0.38565555610932,0.968129930791737,-0.199039385021284,-0.397307700640129,-0.283178409297456
0.38565555610932,0.968129930791737,-0.242516509818977,-0.568494299084365,-0.283178409297456
0.38565555610932,0.968129930791737,0.496594611741798,0.214073008089283,-0.283178409297456
0.38565555610932,0.968129930791737,0.453117486944105,-0.0243654683151876,-0.283178409297456
0.38565555610932,0.968129930791737,0.387901799747566,-0.04270688957707,-0.283178409297456
-0.667351788397867,0.968129930791737,-0.416425009009747,-0.658367263267589,-0.283178409297456
0.38565555610932,0.968129930791737,0.7791959229268,0.476966712842931,-0.283178409297456
-0.667351788397867,0.968129930791737,-0.351209321813208,-0.470673385687659,-0.283178409297456
0.38565555610932,-1.03182268939646,0.735718798129107,0.703177575072813,-0.283178409297456
0.38565555610932,-1.03182268939646,-0.177300822622438,-0.409535314814718,-0.283178409297456
-0.667351788397867,0.968129930791737,-0.481640696206286,-0.616487684719624,-0.283178409297456
0.38565555610932,0.968129930791737,0.235731862955642,-0.293372980156129,-0.283178409297456
0.38565555610932,-1.03182268939646,0.496594611741798,0.318007728573283,-0.283178409297456
0.38565555610932,0.968129930791737,0.36616323734872,0.318007728573283,-0.283178409297456
0.38565555610932,-1.03182268939646,0.36616323734872,-0.103844960450011,-0.283178409297456
0.38565555610932,0.968129930791737,-0.155562260223591,-0.556266684909777,-0.283178409297456
0.38565555610932,-1.03182268939646,0.692241673331415,0.159048744303636,-0.283178409297456
1.43866290061651,-1.03182268939646,1.60526129408296,2.47618163038811,-0.283178409297456
-0.667351788397867,-1.03182268939646,-0.481640696206286,-0.666315212481071,-0.283178409297456
0.38565555610932,0.968129930791737,0.866150172522185,0.635925697112578,-0.283178409297456
0.38565555610932,-1.03182268939646,-0.0686080106282061,-0.458445771513071,-0.283178409297456
0.38565555610932,0.968129930791737,0.19225473815795,-0.458445771513071,-0.283178409297456
0.38565555610932,-1.03182268939646,0.909627297319878,0.703177575072813,-0.283178409297456
0.38565555610932,-1.03182268939646,0.713980235730261,0.574787626239637,-0.283178409297456
0.38565555610932,-1.03182268939646,0.692241673331415,-0.00602404705330541,-0.283178409297456
0.38565555610932,0.968129930791737,0.127039050961411,-0.4278767360766,-0.283178409297456
1.43866290061651,-1.03182268939646,1.62699985648181,3.33822842969658,-0.283178409297456
0.38565555610932,0.968129930791737,0.0618233637648718,-0.580721913258953,-0.283178409297456
0.38565555610932,-1.03182268939646,1.10527435890949,1.10668884283423,-0.283178409297456
1.43866290061651,-1.03182268939646,1.40961423249334,2.31110883903117,-0.283178409297456
0.38565555610932,0.968129930791737,-0.264255072217823,-0.556266684909777,-0.283178409297456
0.38565555610932,0.968129930791737,0.887888734921032,0.764315645945755,-0.283178409297456
0.38565555610932,0.968129930791737,0.909627297319878,2.23774315398364,-0.283178409297456
1.43866290061651,0.968129930791737,-0.851196256986673,1.87091472874599,-0.283178409297456
0.38565555610932,0.968129930791737,0.279208987753335,-0.128300188799188,-0.283178409297456
-0.667351788397867,-1.03182268939646,-0.438163571408593,-0.544039070735189,-0.283178409297456
0.38565555610932,0.968129930791737,0.213993300556796,-0.0732759250135407,-0.283178409297456
0.38565555610932,0.968129930791737,0.257470425354489,0.0917968663434007,-0.283178409297456
0.38565555610932,-1.03182268939646,-2.11203287611976,-1.28380972829778,-0.283178409297456
1.43866290061651,0.968129930791737,1.36613710769565,1.57133818146858,-0.283178409297456
0.38565555610932,0.968129930791737,-0.416425009009747,-0.684656633742953,-0.283178409297456
-0.667351788397867,-1.03182268939646,-2.11203287611976,-1.28380972829778,-0.283178409297456
0.38565555610932,0.968129930791737,-0.0468694482293598,-0.4278767360766,-0.283178409297456
0.38565555610932,-1.03182268939646,-0.155562260223591,-0.433990543163894,-0.283178409297456
0.38565555610932,0.968129930791737,-2.11203287611976,-1.28380972829778,-0.283178409297456
0.38565555610932,0.968129930791737,0.0400848013660254,-0.305600594330718,-0.283178409297456
0.38565555610932,0.968129930791737,-0.112085135425899,-0.433990543163894,-0.283178409297456
0.38565555610932,-1.03182268939646,-0.22077794742013,-0.519583842386012,-0.283178409297456
0.38565555610932,0.968129930791737,0.627025986134876,0.116252094692577,-0.283178409297456
0.38565555610932,0.968129930791737,0.518333174140644,0.281324886049519,-0.283178409297456
0.38565555610932,-1.03182268939646,0.583548861337183,0.0673416379942243,-0.283178409297456
0.38565555610932,0.968129930791737,-0.0251308858305135,-0.305600594330718,-0.283178409297456
1.43866290061651,0.968129930791737,1.12701292130834,0.72763280342199,-0.283178409297456
0.38565555610932,0.968129930791737,0.561810298938337,-0.036593082489776,-0.283178409297456
0.38565555610932,-1.03182268939646,-0.133823697824745,-0.366738665203659,-0.283178409297456
0.38565555610932,-1.03182268939646,0.387901799747566,-0.128300188799188,-0.283178409297456
0.38565555610932,0.968129930791737,-0.112085135425899,-0.452331964425777,-0.283178409297456
0.38565555610932,-1.03182268939646,-2.11203287611976,-1.28380972829778,-0.283178409297456
0.38565555610932,-1.03182268939646,0.0835619261637181,-0.256690137632364,-0.283178409297456
0.38565555610932,-1.03182268939646,-0.00339232343166719,-0.244462523457776,-0.283178409297456
0.38565555610932,0.968129930791737,0.931365859718724,0.752088031771166,-0.283178409297456
1.43866290061651,0.968129930791737,1.04005867171296,0.599242854588813,-0.283178409297456
0.38565555610932,-1.03182268939646,0.300947550152181,-0.0977311533627173,-0.283178409297456
0.38565555610932,-1.03182268939646,0.60528742373603,0.642039504199872,-0.283178409297456
0.38565555610932,-1.03182268939646,0.0618233637648718,-0.262803944719659,-0.283178409297456
0.38565555610932,0.968129930791737,0.866150172522185,0.440283870319166,-0.283178409297456
0.38565555610932,0.968129930791737,0.7791959229268,1.63247625234152,-0.283178409297456
0.38565555610932,-1.03182268939646,0.561810298938337,0.177390165565518,-0.283178409297456
0.38565555610932,0.968129930791737,0.648764548533722,0.0734554450815183,-0.283178409297456
0.38565555610932,-1.03182268939646,-0.112085135425899,-0.330055822679894,-0.283178409297456
-0.667351788397867,-1.03182268939646,-0.590333508200518,-0.690770440830248,-0.283178409297456
0.38565555610932,-1.03182268939646,0.19225473815795,-0.0732759250135407,-0.283178409297456
-0.667351788397867,-1.03182268939646,-0.677287757795903,-0.769027171547612,-0.283178409297456
-0.667351788397867,-1.03182268939646,-0.699026320194749,-0.733567090441306,-0.283178409297456
0.38565555610932,-1.03182268939646,0.713980235730261,0.13459351595446,-0.283178409297456
-0.667351788397867,-1.03182268939646,-0.612072070599364,-0.814880724702318,-0.283178409297456
-0.667351788397867,0.968129930791737,-0.63381063299821,-0.819160389663424,-0.283178409297456
-0.667351788397867,0.968129930791737,-0.372947884212055,-0.629632369957306,-0.283178409297456
0.38565555610932,0.968129930791737,0.670503110932569,0.354690571097048,-0.283178409297456
-0.667351788397867,0.968129930791737,-0.785980569790135,-0.932265820778366,-0.283178409297456
-0.667351788397867,-1.03182268939646,-0.45990213380744,-0.70911186209213,-0.283178409297456
-0.667351788397867,0.968129930791737,-0.851196256986673,-1.009911170787,-0.283178409297456
-0.667351788397867,0.968129930791737,-0.568594945801671,-0.721339476266718,-0.283178409297456
0.38565555610932,-1.03182268939646,0.322686112551028,-0.275031558894247,-0.283178409297456
0.38565555610932,0.968129930791737,0.953104422117571,0.452511484493754,-0.283178409297456
-0.667351788397867,0.968129930791737,-0.981627631379751,-0.983010419602907,-0.283178409297456
0.38565555610932,-1.03182268939646,-0.0903465730270524,-0.647973791219189,-0.283178409297456
-0.667351788397867,-1.03182268939646,-0.329470759414362,-0.697495628626271,-0.283178409297456
-0.667351788397867,-1.03182268939646,-0.87293481938552,-1.00746564795208,-0.283178409297456
-0.667351788397867,0.968129930791737,-0.938150506582059,-0.996460795194954,-0.283178409297456
-0.667351788397867,-1.03182268939646,-1.19901325536821,-1.01480221645684,-0.283178409297456
-0.667351788397867,0.968129930791737,-0.63381063299821,-0.729287425480201,-0.283178409297456
-0.667351788397867,-1.03182268939646,-0.764242007391288,-0.910867495972836,-0.283178409297456
0.38565555610932,-1.03182268939646,0.170516175759103,-0.281145365981541,-0.283178409297456
0.38565555610932,0.968129930791737,-0.438163571408593,-0.702998055004836,-0.283178409297456
0.38565555610932,-1.03182268939646,0.0400848013660254,-0.262803944719659,-0.283178409297456
-0.667351788397867,0.968129930791737,-0.285993634616669,-0.623518562870012,-0.283178409297456
0.38565555610932,-1.03182268939646,0.387901799747566,0.128479708867166,-0.283178409297456
0.38565555610932,-1.03182268939646,0.670503110932569,0.984412701088343,-0.283178409297456
0.38565555610932,-1.03182268939646,0.344424674949874,-0.158869224235659,-0.283178409297456
0.38565555610932,-1.03182268939646,-2.11203287611976,-1.28380972829778,-0.283178409297456
0.38565555610932,0.968129930791737,0.800934485325646,0.470852905755637,-0.283178409297456
2.49167024512369,0.968129930791737,1.32265998289796,1.71806955156364,-0.283178409297456
0.38565555610932,-1.03182268939646,-0.155562260223591,-0.489014806949541,-0.283178409297456
-0.667351788397867,-1.03182268939646,-0.720764882593596,-0.909644734555377,-0.283178409297456
0.38565555610932,0.968129930791737,-0.0251308858305135,-0.317828208505306,-0.283178409297456
0.38565555610932,0.968129930791737,0.953104422117571,0.862136559342461,-0.283178409297456
0.38565555610932,0.968129930791737,0.344424674949874,-0.226121102195894,-0.283178409297456
1.43866290061651,0.968129930791737,1.3878756700945,2.94083096902246,-0.283178409297456
0.38565555610932,-1.03182268939646,-0.242516509818977,-0.660201405393777,-0.283178409297456
0.38565555610932,-1.03182268939646,1.19222860850488,1.22285117749281,-0.283178409297456
1.43866290061651,-1.03182268939646,1.17049004610603,1.99319087049187,-0.283178409297456
-0.667351788397867,-1.03182268939646,-0.677287757795903,-0.867765156007413,-0.283178409297456
-0.667351788397867,-1.03182268939646,-0.329470759414362,-0.60517714160813,-0.283178409297456
0.38565555610932,0.968129930791737,0.844411610123339,0.599242854588813,-0.283178409297456
0.38565555610932,0.968129930791737,0.322686112551028,0.012317374208577,-0.283178409297456
0.38565555610932,-1.03182268939646,0.757457360527954,1.80977665787305,-0.283178409297456
-2.77336647741224,0.968129930791737,-2.11203287611976,-1.28380972829778,3.52759389867688
-1.72035913290505,-1.03182268939646,-1.02510475617744,-1.0679923381163,-0.283178409297456
-1.72035913290505,0.968129930791737,-1.04684331857629,-1.07808011981033,-0.283178409297456
0.38565555610932,-1.03182268939646,0.0835619261637181,-0.354511051029071,-0.283178409297456
-2.77336647741224,0.968129930791737,-2.11203287611976,-1.28380972829778,3.52759389867688
0.38565555610932,0.968129930791737,0.387901799747566,-0.3239420155926,-0.283178409297456
-0.667351788397867,0.968129930791737,-1.13379756817168,-1.13127024146979,-0.283178409297456
0.38565555610932,0.968129930791737,-0.307732197015516,-0.641859984131894,-0.283178409297456
0.38565555610932,0.968129930791737,0.148777613360257,-0.0121378541405994,-0.283178409297456
0.38565555610932,-1.03182268939646,0.887888734921032,1.00275412235023,-0.283178409297456
0.38565555610932,-1.03182268939646,0.213993300556796,-0.14664161006107,-0.283178409297456
-2.77336647741224,0.968129930791737,-2.11203287611976,-1.28380972829778,3.52759389867688
-0.667351788397867,-1.03182268939646,-0.503379258605132,-0.606705593379953,-0.283178409297456
-2.77336647741224,0.968129930791737,-2.11203287611976,-1.28380972829778,3.52759389867688
0.38565555610932,0.968129930791737,-2.11203287611976,-1.28380972829778,-0.283178409297456
0.38565555610932,-1.03182268939646,0.300947550152181,-0.152755417148364,-0.283178409297456
0.38565555610932,-1.03182268939646,0.561810298938337,-0.0855035391881289,-0.283178409297456
-2.77336647741224,0.968129930791737,-2.11203287611976,-1.28380972829778,3.52759389867688
-0.667351788397867,-1.03182268939646,-0.307732197015516,-0.531200075851871,-0.283178409297456
1.43866290061651,-1.03182268939646,-2.11203287611976,-1.28380972829778,-0.283178409297456
-0.667351788397867,0.968129930791737,-0.416425009009747,-0.556266684909777,-0.283178409297456
0.38565555610932,-1.03182268939646,0.540071736539491,0.171276358478224,-0.283178409297456
-0.667351788397867,-1.03182268939646,-0.525117821003979,-0.747323156387718,-0.283178409297456
0.38565555610932,-1.03182268939646,0.235731862955642,-0.183324452584835,-0.283178409297456
0.38565555610932,-1.03182268939646,0.735718798129107,0.807112295556814,-0.283178409297456
0.38565555610932,-1.03182268939646,1.3878756700945,2.89803431941141,-0.283178409297456
-2.77336647741224,0.968129930791737,-2.11203287611976,-1.28380972829778,3.52759389867688
1.43866290061651,-1.03182268939646,1.49656848208873,3.07533472494293,-0.283178409297456
0.38565555610932,0.968129930791737,0.127039050961411,-0.177210645497541,-0.283178409297456
0.38565555610932,-1.03182268939646,0.19225473815795,-0.262803944719659,-0.283178409297456
0.38565555610932,0.968129930791737,0.387901799747566,0.354690571097048,-0.283178409297456
0.38565555610932,-1.03182268939646,0.0400848013660254,-0.360624858116365,-0.283178409297456
-1.72035913290505,0.968129930791737,-1.09032044337398,-1.11164492071958,-0.283178409297456
0.38565555610932,-1.03182268939646,0.648764548533722,0.733746610509284,-0.283178409297456
-0.667351788397867,0.968129930791737,-0.503379258605132,-0.732650019378212,-0.283178409297456
0.38565555610932,-1.03182268939646,-0.242516509818977,-0.470673385687659,-0.283178409297456
0.38565555610932,-1.03182268939646,0.148777613360257,-0.0732759250135407,-0.283178409297456
-0.667351788397867,-1.03182268939646,-0.677287757795903,-0.674263161694553,-0.283178409297456
0.38565555610932,-1.03182268939646,0.257470425354489,-0.207779680934011,-0.283178409297456
0.38565555610932,-1.03182268939646,0.409640362146413,-0.0304792754024818,-0.283178409297456
-2.77336647741224,0.968129930791737,-2.11203287611976,-1.28380972829778,3.52759389867688
-2.77336647741224,0.968129930791737,-2.11203287611976,-1.28380972829778,3.52759389867688
-1.72035913290505,-1.03182268939646,-0.959889068980905,-1.01296807433065,-0.283178409297456
0.38565555610932,-1.03182268939646,-2.11203287611976,-1.28380972829778,-0.283178409297456
-0.667351788397867,-1.03182268939646,-1.2859675049636,0.183503972652813,-0.283178409297456
0.38565555610932,-1.03182268939646,-0.0468694482293598,-0.311714401418012,-0.283178409297456
0.38565555610932,0.968129930791737,0.496594611741798,0.177390165565518,-0.283178409297456
0.38565555610932,0.968129930791737,-0.155562260223591,-0.525697649473306,-0.283178409297456
1.43866290061651,0.968129930791737,1.36613710769565,2.51286447291187,-0.283178409297456
0.38565555610932,-1.03182268939646,0.453117486944105,-0.0304792754024818,-0.283178409297456
-0.667351788397867,0.968129930791737,-0.764242007391288,-0.892220384356589,-0.283178409297456
0.38565555610932,-1.03182268939646,0.431378924545259,0.128479708867166,-0.283178409297456
-0.667351788397867,0.968129930791737,-0.655549195397057,-0.863179800691942,-0.283178409297456
0.38565555610932,0.968129930791737,0.0400848013660254,-0.409535314814718,-0.283178409297456
0.38565555610932,0.968129930791737,-2.11203287611976,-1.28380972829778,-0.283178409297456
0.38565555610932,-1.03182268939646,0.431378924545259,-0.550152877822483,-0.283178409297456
-0.667351788397867,0.968129930791737,-0.568594945801671,-0.758022318790483,-0.283178409297456
0.38565555610932,-1.03182268939646,0.279208987753335,-0.360624858116365,-0.283178409297456
-0.667351788397867,0.968129930791737,-0.699026320194749,-0.892526074710954,-0.283178409297456
0.38565555610932,-1.03182268939646,0.692241673331415,8.97600339887999e-05,-0.283178409297456
0.38565555610932,0.968129930791737,0.344424674949874,-0.195552066759423,-0.283178409297456
0.38565555610932,-1.03182268939646,-0.22077794742013,-0.5318114565606,-0.283178409297456
0.38565555610932,-1.03182268939646,0.0183462389671791,-0.360624858116365,-0.283178409297456
0.38565555610932,0.968129930791737,0.561810298938337,0.62369808293799,-0.283178409297456
0.38565555610932,0.968129930791737,0.19225473815795,-0.122186381711894,-0.283178409297456
0.38565555610932,-1.03182268939646,0.518333174140644,0.122365901779871,-0.283178409297456
0.38565555610932,-1.03182268939646,1.04005867171296,0.800998488469519,-0.283178409297456
0.38565555610932,0.968129930791737,0.909627297319878,0.44639767740646,-0.283178409297456
-0.667351788397867,-1.03182268939646,-0.742503444992442,-0.923095110147424,-0.283178409297456
1.43866290061651,-1.03182268939646,0.974842984516417,1.01498173652481,-0.283178409297456
0.38565555610932,0.968129930791737,0.0400848013660254,0.617584275850696,-0.283178409297456
0.38565555610932,-1.03182268939646,-0.0903465730270524,-0.464559578600365,-0.283178409297456
0.38565555610932,0.968129930791737,0.670503110932569,0.201845393914695,-0.283178409297456
0.38565555610932,0.968129930791737,0.387901799747566,-0.0855035391881289,-0.283178409297456
0.38565555610932,0.968129930791737,0.496594611741798,0.232414429351166,-0.283178409297456
0.38565555610932,0.968129930791737,1.0617972341118,1.42460681137352,-0.283178409297456
-2.77336647741224,0.968129930791737,-2.11203287611976,-1.28380972829778,3.52759389867688
0.38565555610932,-1.03182268939646,1.25744429570142,1.57745198855587,-0.283178409297456
0.38565555610932,-1.03182268939646,0.7791959229268,1.16782691370717,-0.283178409297456
-0.667351788397867,-1.03182268939646,-0.764242007391288,-0.898639881798248,-0.283178409297456
0.38565555610932,0.968129930791737,0.322686112551028,-0.158869224235659,-0.283178409297456
0.38565555610932,0.968129930791737,-0.177300822622438,-0.421762928989306,-0.283178409297456
0.38565555610932,-1.03182268939646,0.735718798129107,0.672608539636343,-0.283178409297456
0.38565555610932,0.968129930791737,0.0400848013660254,-0.507356228211424,-0.283178409297456
0.38565555610932,-1.03182268939646,0.60528742373603,0.923274630215402,-0.283178409297456
0.38565555610932,-1.03182268939646,0.235731862955642,-0.262803944719659,-0.283178409297456
0.38565555610932,-1.03182268939646,0.235731862955642,0.226300622263871,-0.283178409297456
-0.667351788397867,-1.03182268939646,-0.938150506582059,-1.0575988660679,-0.283178409297456
-2.77336647741224,0.968129930791737,-2.11203287611976,-1.28380972829778,3.52759389867688
0.38565555610932,-1.03182268939646,0.344424674949874,-0.0977311533627173,-0.283178409297456
0.38565555610932,-1.03182268939646,0.235731862955642,-0.275031558894247,-0.283178409297456
0.38565555610932,0.968129930791737,1.21396717090373,1.01498173652481,-0.283178409297456
-0.667351788397867,0.968129930791737,-0.699026320194749,-0.819160389663424,-0.283178409297456
-0.667351788397867,-1.03182268939646,-0.307732197015516,-0.519583842386012,-0.283178409297456
0.38565555610932,0.968129930791737,0.105300488562564,-0.3239420155926,-0.283178409297456
-0.667351788397867,-1.03182268939646,-0.63381063299821,-0.837501810925307,-0.283178409297456
-0.667351788397867,-1.03182268939646,-0.416425009009747,-0.5318114565606,-0.283178409297456
0.38565555610932,-1.03182268939646,0.235731862955642,0.171276358478224,-0.283178409297456
-2.77336647741224,0.968129930791737,-2.11203287611976,-1.28380972829778,3.52759389867688
0.38565555610932,0.968129930791737,0.561810298938337,0.611470468763401,-0.283178409297456
0.38565555610932,-1.03182268939646,0.692241673331415,0.244642043525754,-0.283178409297456
1.43866290061651,-1.03182268939646,1.17049004610603,1.05777838613587,-0.283178409297456
-0.667351788397867,-1.03182268939646,-0.785980569790135,-0.99034698810766,-0.283178409297456
0.38565555610932,-1.03182268939646,0.300947550152181,-0.195552066759423,-0.283178409297456
0.38565555610932,-1.03182268939646,0.387901799747566,-0.0793897321008349,-0.283178409297456
0.38565555610932,0.968129930791737,-2.11203287611976,-1.28380972829778,-0.283178409297456
0.38565555610932,0.968129930791737,0.409640362146413,0.0367726025577537,-0.283178409297456
0.38565555610932,0.968129930791737,0.844411610123339,0.428056256144578,-0.283178409297456
-0.667351788397867,0.968129930791737,-0.742503444992442,-1.00257460228225,-0.283178409297456
0.38565555610932,-1.03182268939646,0.627025986134876,0.299666307311401,-0.283178409297456
1.43866290061651,-1.03182268939646,1.25744429570142,1.95650802796811,-0.283178409297456
0.38565555610932,-1.03182268939646,1.12701292130834,1.95039422088082,-0.283178409297456
0.38565555610932,0.968129930791737,0.540071736539491,0.299666307311401,-0.283178409297456
0.38565555610932,-1.03182268939646,0.713980235730261,1.07000600031046,-0.283178409297456
-0.667351788397867,0.968129930791737,-0.481640696206286,-0.702998055004836,-0.283178409297456
-0.667351788397867,0.968129930791737,-0.00339232343166719,-0.849729425099895,-0.283178409297456
0.38565555610932,-1.03182268939646,0.36616323734872,0.152934937216342,-0.283178409297456
0.38565555610932,0.968129930791737,0.322686112551028,0.0490002167323419,-0.283178409297456
0.38565555610932,0.968129930791737,1.47482991968988,2.81244102018929,-0.283178409297456
-2.77336647741224,0.968129930791737,-2.11203287611976,-1.28380972829778,3.52759389867688
0.38565555610932,-1.03182268939646,0.0618233637648718,-0.238348716370482,-0.283178409297456
0.38565555610932,0.968129930791737,1.01832010931411,0.709291382160108,-0.283178409297456
0.38565555610932,0.968129930791737,0.844411610123339,0.788770874294931,-0.283178409297456
0.38565555610932,0.968129930791737,0.735718798129107,0.697063767985519,-0.283178409297456
0.38565555610932,-1.03182268939646,-0.0686080106282061,-0.452331964425777,-0.283178409297456
-0.667351788397867,-1.03182268939646,-0.851196256986673,-0.91698130306013,-0.283178409297456
-0.667351788397867,-1.03182268939646,-0.720764882593596,-0.880298460536366,-0.283178409297456
-0.667351788397867,-1.03182268939646,-0.720764882593596,-0.739680897528601,-0.283178409297456
-0.667351788397867,0.968129930791737,-0.525117821003979,-0.751908511703189,-0.283178409297456
0.38565555610932,0.968129930791737,-0.0251308858305135,0.0612278309069301,-0.283178409297456
0.38565555610932,-1.03182268939646,0.583548861337183,0.525877169541284,-0.283178409297456
0.38565555610932,0.968129930791737,0.387901799747566,0.128479708867166,-0.283178409297456
0.38565555610932,-1.03182268939646,0.996581546915263,0.83156752390599,-0.283178409297456
0.38565555610932,-1.03182268939646,0.105300488562564,-0.158869224235659,-0.283178409297456
0.38565555610932,0.968129930791737,0.344424674949874,0.0917968663434007,-0.283178409297456
1.43866290061651,-1.03182268939646,1.12701292130834,0.65426711837446,-0.283178409297456
-0.667351788397867,0.968129930791737,-2.11203287611976,-1.28380972829778,-0.283178409297456
0.38565555610932,-1.03182268939646,0.540071736539491,0.434170063231872,-0.283178409297456
0.38565555610932,0.968129930791737,0.713980235730261,0.813226102644108,-0.283178409297456
0.38565555610932,0.968129930791737,1.10527435890949,2.44561259495164,-0.283178409297456
-0.667351788397867,0.968129930791737,-0.590333508200518,-0.794705161314248,-0.283178409297456
0.38565555610932,0.968129930791737,-0.0468694482293598,-0.421762928989306,-0.283178409297456
0.38565555610932,-1.03182268939646,0.60528742373603,0.44639767740646,-0.283178409297456
0.38565555610932,0.968129930791737,0.735718798129107,1.46128965389729,-0.283178409297456
0.38565555610932,0.968129930791737,0.822673047724493,0.501421941192107,-0.283178409297456
1.43866290061651,0.968129930791737,1.36613710769565,1.62024863816693,-0.283178409297456
-0.667351788397867,-1.03182268939646,-2.11203287611976,-1.28380972829778,-0.283178409297456
0.38565555610932,0.968129930791737,1.12701292130834,0.892705594778931,-0.283178409297456
0.38565555610932,-1.03182268939646,0.7791959229268,0.739860417596578,-0.283178409297456
0.38565555610932,-1.03182268939646,0.235731862955642,-0.14664161006107,-0.283178409297456
0.38565555610932,-1.03182268939646,-0.0251308858305135,-0.330055822679894,-0.283178409297456
-0.667351788397867,-1.03182268939646,-0.546856383402825,-0.796539303440436,-0.283178409297456
-0.667351788397867,-1.03182268939646,-0.720764882593596,-0.909033353846648,-0.283178409297456
1.43866290061651,-1.03182268939646,-2.11203287611976,-1.28380972829778,-0.283178409297456
-0.667351788397867,0.968129930791737,-0.63381063299821,-0.771167004028165,-0.283178409297456
-0.667351788397867,0.968129930791737,-0.742503444992442,-0.890691932584766,-0.283178409297456
0.38565555610932,-1.03182268939646,0.692241673331415,0.152934937216342,-0.283178409297456
0.38565555610932,0.968129930791737,0.387901799747566,-0.128300188799188,-0.283178409297456
0.38565555610932,0.968129930791737,0.670503110932569,0.978298894001049,-0.283178409297456
-0.667351788397867,-1.03182268939646,-0.981627631379751,-1.0575988660679,-0.283178409297456
0.38565555610932,0.968129930791737,0.300947550152181,-0.036593082489776,-0.283178409297456
0.38565555610932,0.968129930791737,0.409640362146413,0.574787626239637,-0.283178409297456
0.38565555610932,-1.03182268939646,0.0618233637648718,-0.262803944719659,-0.283178409297456
0.38565555610932,0.968129930791737,0.322686112551028,0.0795692521688125,-0.283178409297456
0.38565555610932,0.968129930791737,0.909627297319878,1.21062356331823,-0.283178409297456
1.43866290061651,-1.03182268939646,0.844411610123339,1.30844447671493,-0.283178409297456
-1.72035913290505,0.968129930791737,-1.02510475617744,-1.0514850589806,-0.283178409297456
0.38565555610932,-1.03182268939646,0.670503110932569,0.483080519930225,-0.283178409297456
-0.667351788397867,0.968129930791737,-0.720764882593596,-0.91698130306013,-0.283178409297456
1.43866290061651,-1.03182268939646,1.01832010931411,1.2411925987547,-0.283178409297456
-0.667351788397867,0.968129930791737,-0.590333508200518,-0.715225669179424,-0.283178409297456
-0.667351788397867,-1.03182268939646,-0.63381063299821,-0.855843232187189,-0.283178409297456
0.38565555610932,-1.03182268939646,-0.177300822622438,-0.464559578600365,-0.283178409297456
-2.77336647741224,0.968129930791737,-2.11203287611976,-1.28380972829778,3.52759389867688
0.38565555610932,-1.03182268939646,0.279208987753335,-0.0304792754024818,-0.283178409297456
1.43866290061651,-1.03182268939646,1.08353579651065,1.2411925987547,-0.283178409297456
0.38565555610932,-1.03182268939646,0.431378924545259,-0.0793897321008349,-0.283178409297456
0.38565555610932,0.968129930791737,1.0617972341118,0.862136559342461,-0.283178409297456
0.38565555610932,0.968129930791737,1.04005867171296,1.14337168535799,-0.283178409297456
0.38565555610932,0.968129930791737,-0.0468694482293598,-0.482900999862247,-0.283178409297456
-0.667351788397867,-1.03182268939646,-0.372947884212055,-0.617404755782718,-0.283178409297456
-0.667351788397867,-1.03182268939646,-0.63381063299821,-0.733567090441306,-0.283178409297456
0.38565555610932,0.968129930791737,1.36613710769565,1.38181016176246,-0.283178409297456
-0.667351788397867,-1.03182268939646,-2.11203287611976,-1.28380972829778,-0.283178409297456
0.38565555610932,0.968129930791737,0.518333174140644,0.0551140238196359,-0.283178409297456
0.38565555610932,-1.03182268939646,0.931365859718724,1.11280264992152,-0.283178409297456
0.38565555610932,-1.03182268939646,0.996581546915263,2.32945026029305,-0.283178409297456
0.38565555610932,0.968129930791737,0.561810298938337,0.739860417596578,-0.283178409297456
0.38565555610932,0.968129930791737,0.0835619261637181,-0.140527802973776,-0.283178409297456
0.38565555610932,0.968129930791737,0.409640362146413,-0.122186381711894,-0.283178409297456
-0.667351788397867,-1.03182268939646,-0.938150506582059,-0.953664145583895,-0.283178409297456
-2.77336647741224,0.968129930791737,-2.11203287611976,-1.28380972829778,3.52759389867688
0.38565555610932,0.968129930791737,0.474856049342952,0.159048744303636,-0.283178409297456
0.38565555610932,-1.03182268939646,0.60528742373603,-0.0610483108389525,-0.283178409297456
-2.77336647741224,0.968129930791737,-2.11203287611976,-1.28380972829778,3.52759389867688
-0.667351788397867,-1.03182268939646,-0.916411944183212,-0.959777952671189,-0.283178409297456
-2.77336647741224,0.968129930791737,-2.11203287611976,-1.28380972829778,3.52759389867688
0.38565555610932,-1.03182268939646,0.953104422117571,1.14948549244528,-0.283178409297456
0.38565555610932,-1.03182268939646,-0.155562260223591,-0.433990543163894,-0.283178409297456
0.38565555610932,-1.03182268939646,1.08353579651065,0.635925697112578,-0.283178409297456
-2.77336647741224,0.968129930791737,-2.11203287611976,-1.28380972829778,3.52759389867688
-2.77336647741224,0.968129930791737,-2.11203287611976,-1.28380972829778,3.52759389867688
-2.77336647741224,0.968129930791737,-2.11203287611976,-1.28380972829778,3.52759389867688
-2.77336647741224,0.968129930791737,-2.11203287611976,-1.28380972829778,3.52759389867688
0.38565555610932,0.968129930791737,0.409640362146413,-0.0977311533627173,-0.283178409297456
0.38565555610932,0.968129930791737,0.474856049342952,-0.0732759250135407,-0.283178409297456
0.38565555610932,-1.03182268939646,0.713980235730261,0.568673819152343,-0.283178409297456
0.38565555610932,-1.03182268939646,0.844411610123339,0.324121535660578,-0.283178409297456
-2.77336647741224,-1.03182268939646,0.561810298938337,0.501421941192107,-0.283178409297456
0.38565555610932,0.968129930791737,0.518333174140644,0.232414429351166,-0.283178409297456
0.38565555610932,0.968129930791737,0.648764548533722,0.0612278309069301,-0.283178409297456
0.38565555610932,0.968129930791737,0.540071736539491,0.159048744303636,-0.283178409297456
1.43866290061651,-1.03182268939646,1.04005867171296,0.929388437302696,-0.283178409297456
0.38565555610932,-1.03182268939646,1.3878756700945,1.38792396884976,-0.283178409297456
1.43866290061651,0.968129930791737,1.3878756700945,1.38792396884976,-0.283178409297456
0.38565555610932,0.968129930791737,-0.0468694482293598,-0.213893488021306,-0.283178409297456
0.38565555610932,-1.03182268939646,0.713980235730261,0.428056256144578,-0.283178409297456
1.43866290061651,-1.03182268939646,0.909627297319878,0.72763280342199,-0.283178409297456
0.38565555610932,-1.03182268939646,1.10527435890949,0.904933208953519,-0.283178409297456
0.38565555610932,-1.03182268939646,0.909627297319878,1.43072061846081,-0.283178409297456
0.38565555610932,-1.03182268939646,0.213993300556796,0.305780114398695,-0.283178409297456
0.38565555610932,-1.03182268939646,0.692241673331415,0.0795692521688125,-0.283178409297456
0.38565555610932,0.968129930791737,1.12701292130834,0.788770874294931,-0.283178409297456
0.38565555610932,0.968129930791737,0.7791959229268,1.12503026409611,-0.283178409297456
0.38565555610932,0.968129930791737,1.08353579651065,0.489194327017519,-0.283178409297456
0.38565555610932,0.968129930791737,0.931365859718724,0.489194327017519,-0.283178409297456
0.38565555610932,-1.03182268939646,0.996581546915263,0.752088031771166,-0.283178409297456
-0.667351788397867,-1.03182268939646,-0.764242007391288,-0.825274196750718,-0.283178409297456
0.38565555610932,-1.03182268939646,0.0183462389671791,-0.4278767360766,-0.283178409297456
-0.667351788397867,-1.03182268939646,-0.742503444992442,-0.837501810925307,-0.283178409297456
-0.667351788397867,0.968129930791737,-0.720764882593596,-0.751908511703189,-0.283178409297456
0.38565555610932,-1.03182268939646,0.953104422117571,0.593129047501519,-0.283178409297456
-2.77336647741224,0.968129930791737,-2.11203287611976,-1.28380972829778,3.52759389867688
-2.77336647741224,0.968129930791737,-2.11203287611976,-1.28380972829778,3.52759389867688
-2.77336647741224,0.968129930791737,-2.11203287611976,-1.28380972829778,3.52759389867688
1.43866290061651,-1.03182268939646,-2.11203287611976,-1.28380972829778,-0.283178409297456
-2.77336647741224,0.968129930791737,-2.11203287611976,-1.28380972829778,3.52759389867688
-2.77336647741224,0.968129930791737,-2.11203287611976,-1.28380972829778,3.52759389867688
0.38565555610932,0.968129930791737,-0.307732197015516,-0.696884247917542,-0.283178409297456
0.38565555610932,0.968129930791737,0.627025986134876,0.207959201001989,-0.283178409297456
-0.667351788397867,-1.03182268939646,-0.807719132188981,-0.776363740052365,-0.283178409297456
-0.667351788397867,-1.03182268939646,-0.22077794742013,-0.519583842386012,-0.283178409297456
0.38565555610932,0.968129930791737,0.713980235730261,0.232414429351166,-0.283178409297456
0.38565555610932,0.968129930791737,-2.11203287611976,-1.28380972829778,-0.283178409297456
0.38565555610932,0.968129930791737,0.974842984516417,0.93550224438999,-0.283178409297456
-0.667351788397867,0.968129930791737,-0.785980569790135,-0.953664145583895,-0.283178409297456
0.38565555610932,0.968129930791737,0.0618233637648718,-0.0732759250135407,-0.283178409297456
-2.77336647741224,0.968129930791737,-2.11203287611976,-1.28380972829778,3.52759389867688
0.38565555610932,0.968129930791737,0.453117486944105,0.16516255139093,-0.283178409297456
0.38565555610932,0.968129930791737,0.518333174140644,0.16516255139093,-0.283178409297456
0.38565555610932,-1.03182268939646,0.0183462389671791,-0.433990543163894,-0.283178409297456
0.38565555610932,-1.03182268939646,0.540071736539491,-0.0121378541405994,-0.283178409297456
0.38565555610932,0.968129930791737,1.3878756700945,1.39403777593705,-0.283178409297456
0.38565555610932,-1.03182268939646,0.996581546915263,0.807112295556814,-0.283178409297456
0.38565555610932,0.968129930791737,0.583548861337183,0.0184311812958712,-0.283178409297456
-2.77336647741224,0.968129930791737,-2.11203287611976,-1.28380972829778,3.52759389867688
0.38565555610932,-1.03182268939646,0.7791959229268,1.32067209088952,-0.283178409297456
0.38565555610932,0.968129930791737,0.887888734921032,0.984412701088343,-0.283178409297456
-2.77336647741224,0.968129930791737,-2.11203287611976,-1.28380972829778,3.52759389867688
1.43866290061651,-1.03182268939646,1.58352273168411,3.14258660290317,-0.283178409297456
0.38565555610932,0.968129930791737,0.692241673331415,0.476966712842931,-0.283178409297456
0.38565555610932,0.968129930791737,-0.133823697824745,-0.525697649473306,-0.283178409297456
-0.667351788397867,0.968129930791737,-0.285993634616669,-0.617404755782718,-0.283178409297456
1.43866290061651,0.968129930791737,1.21396717090373,1.92593899253164,-0.283178409297456
-0.667351788397867,-1.03182268939646,-2.11203287611976,-1.28380972829778,-0.283178409297456
-0.667351788397867,-1.03182268939646,-0.677287757795903,-0.611290948695424,-0.283178409297456
1.43866290061651,-1.03182268939646,1.21396717090373,2.01153229175376,-0.283178409297456
0.38565555610932,0.968129930791737,0.322686112551028,-0.14664161006107,-0.283178409297456
0.38565555610932,0.968129930791737,0.627025986134876,0.373031992358931,-0.283178409297456
0.38565555610932,-1.03182268939646,0.235731862955642,-0.122186381711894,-0.283178409297456
0.38565555610932,-1.03182268939646,0.257470425354489,0.275211078962225,-0.283178409297456
0.38565555610932,0.968129930791737,0.822673047724493,1.19228214205634,-0.283178409297456
1.43866290061651,-1.03182268939646,1.60526129408296,1.78532142952387,-0.283178409297456
-2.77336647741224,-1.03182268939646,0.105300488562564,-0.305600594330718,-0.283178409297456
0.38565555610932,0.968129930791737,0.757457360527954,1.22896498458011,-0.283178409297456
0.38565555610932,-1.03182268939646,1.10527435890949,2.31722264611846,-0.283178409297456
-0.667351788397867,-1.03182268939646,-2.11203287611976,-1.28380972829778,-0.283178409297456
0.38565555610932,-1.03182268939646,-0.155562260223591,-0.391193893552835,-0.283178409297456
0.38565555610932,0.968129930791737,1.21396717090373,0.972185086913755,-0.283178409297456
-0.667351788397867,-1.03182268939646,-0.285993634616669,-0.599063334520836,-0.283178409297456
0.38565555610932,-1.03182268939646,0.887888734921032,0.244642043525754,-0.283178409297456
0.38565555610932,-1.03182268939646,0.822673047724493,0.373031992358931,-0.283178409297456
1.43866290061651,-1.03182268939646,-2.11203287611976,-1.28380972829778,-0.283178409297456
0.38565555610932,0.968129930791737,0.0835619261637181,-0.275031558894247,-0.283178409297456
-2.77336647741224,0.968129930791737,-2.11203287611976,-1.28380972829778,3.52759389867688
-2.77336647741224,0.968129930791737,-2.11203287611976,-1.28380972829778,3.52759389867688
0.38565555610932,-1.03182268939646,-0.177300822622438,-0.599063334520836,-0.283178409297456
-0.667351788397867,-1.03182268939646,-0.699026320194749,-0.935322724322013,-0.283178409297456
0.38565555610932,0.968129930791737,0.518333174140644,0.201845393914695,-0.283178409297456
0.38565555610932,-1.03182268939646,0.887888734921032,1.45517584680999,-0.283178409297456
0.38565555610932,-1.03182268939646,0.735718798129107,0.299666307311401,-0.283178409297456
0.38565555610932,-1.03182268939646,0.387901799747566,0.152934937216342,-0.283178409297456
0.38565555610932,-1.03182268939646,0.887888734921032,0.629811890025284,-0.283178409297456
0.38565555610932,-1.03182268939646,0.822673047724493,0.886591787691637,-0.283178409297456
0.38565555610932,0.968129930791737,0.648764548533722,0.195731586827401,-0.283178409297456
1.43866290061651,0.968129930791737,1.27918285810027,0.959957472739167,-0.283178409297456
-0.667351788397867,-1.03182268939646,-0.807719132188981,-0.742737801072248,-0.283178409297456
-0.667351788397867,0.968129930791737,-0.785980569790135,-1.14319216529001,-0.283178409297456
0.38565555610932,0.968129930791737,0.431378924545259,-0.0121378541405994,-0.283178409297456
0.38565555610932,-1.03182268939646,1.43135279489219,3.88235726046576,-0.283178409297456
-0.667351788397867,0.968129930791737,-0.785980569790135,-0.794705161314248,-0.283178409297456
-2.77336647741224,0.968129930791737,-2.11203287611976,-1.28380972829778,3.52759389867688
-0.667351788397867,0.968129930791737,-0.764242007391288,-0.904753688885542,-0.283178409297456
0.38565555610932,0.968129930791737,-0.0468694482293598,-0.378966279378247,-0.283178409297456
-0.667351788397867,0.968129930791737,-1.11205900577283,-1.04537125189331,-0.283178409297456
0.38565555610932,0.968129930791737,-0.0251308858305135,-0.433990543163894,-0.283178409297456
0.38565555610932,0.968129930791737,-0.177300822622438,-0.586835720346247,-0.283178409297456
0.38565555610932,-1.03182268939646,0.953104422117571,0.898819401866226,-0.283178409297456
0.38565555610932,-1.03182268939646,0.431378924545259,0.104024480517989,-0.283178409297456
0.38565555610932,-1.03182268939646,0.474856049342952,0.171276358478224,-0.283178409297456
0.38565555610932,0.968129930791737,-0.416425009009747,-0.654087598306483,-0.283178409297456
0.38565555610932,0.968129930791737,0.931365859718724,1.80977665787305,-0.283178409297456
0.38565555610932,-1.03182268939646,0.19225473815795,-0.04270688957707,-0.283178409297456
0.38565555610932,-1.03182268939646,0.0183462389671791,-0.3239420155926,-0.283178409297456
-0.667351788397867,-1.03182268939646,-0.764242007391288,-0.819160389663424,-0.283178409297456
0.38565555610932,0.968129930791737,0.0400848013660254,-0.232234909283188,-0.283178409297456
0.38565555610932,0.968129930791737,0.0183462389671791,-0.268917751806953,-0.283178409297456
-0.667351788397867,0.968129930791737,-0.764242007391288,-0.837501810925307,-0.283178409297456
0.38565555610932,-1.03182268939646,-0.0468694482293598,-0.403421507727424,-0.283178409297456
0.38565555610932,-1.03182268939646,0.0835619261637181,-0.152755417148364,-0.283178409297456
0.38565555610932,0.968129930791737,-0.438163571408593,-0.739680897528601,-0.283178409297456
0.38565555610932,0.968129930791737,-0.22077794742013,-0.660201405393777,-0.283178409297456
0.38565555610932,-1.03182268939646,0.974842984516417,0.984412701088343,-0.283178409297456
0.38565555610932,-1.03182268939646,0.60528742373603,0.0917968663434007,-0.283178409297456
0.38565555610932,-1.03182268939646,0.322686112551028,0.104024480517989,-0.283178409297456
0.38565555610932,0.968129930791737,0.909627297319878,0.837681330993284,-0.283178409297456
-0.667351788397867,0.968129930791737,-0.807719132188981,-0.855843232187189,-0.283178409297456
0.38565555610932,0.968129930791737,0.887888734921032,1.14948549244528,-0.283178409297456
-2.77336647741224,0.968129930791737,-2.11203287611976,-1.28380972829778,3.52759389867688
-0.667351788397867,0.968129930791737,-0.329470759414362,-0.544039070735189,-0.283178409297456
1.43866290061651,0.968129930791737,1.51830704448757,4.21250284317964,-0.283178409297456
0.38565555610932,-1.03182268939646,0.648764548533722,0.311893921485989,-0.283178409297456
0.38565555610932,-1.03182268939646,0.518333174140644,0.23852823643846,-0.283178409297456
0.38565555610932,-1.03182268939646,0.36616323734872,-0.0855035391881289,-0.283178409297456
0.38565555610932,0.968129930791737,0.692241673331415,0.23852823643846,-0.283178409297456
0.38565555610932,0.968129930791737,-0.242516509818977,-0.50124242112413,-0.283178409297456
-2.77336647741224,0.968129930791737,-2.11203287611976,-1.28380972829778,3.52759389867688
0.38565555610932,0.968129930791737,0.19225473815795,-0.0304792754024818,-0.283178409297456
0.38565555610932,0.968129930791737,0.60528742373603,0.0245449883831652,-0.283178409297456
-0.667351788397867,0.968129930791737,-0.590333508200518,-0.788591354226954,-0.283178409297456
0.38565555610932,-1.03182268939646,0.713980235730261,0.385259606533519,-0.283178409297456
-2.77336647741224,0.968129930791737,-2.11203287611976,-1.28380972829778,3.52759389867688
-0.667351788397867,0.968129930791737,-2.11203287611976,-1.28380972829778,-0.283178409297456
0.38565555610932,-1.03182268939646,0.170516175759103,-0.268917751806953,-0.283178409297456
0.38565555610932,-1.03182268939646,-0.112085135425899,-0.354511051029071,-0.283178409297456
0.38565555610932,0.968129930791737,-0.00339232343166719,-0.458445771513071,-0.283178409297456
0.38565555610932,0.968129930791737,0.757457360527954,1.04555077196128,-0.283178409297456
-2.77336647741224,0.968129930791737,-2.11203287611976,-1.28380972829778,3.52759389867688
